{"cameraMode":{"drawMode":0,"name":"Shaded","section":"Shading Mode"},"sceneLighting":true,"audioPlay":false,"sceneViewState":{"m_AlwaysRefresh":false,"showFog":true,"showSkybox":true,"showFlares":true,"showImageEffects":true,"showParticleSystems":true,"showVisualEffectGraphs":true,"m_FxEnabled":true},"in2DMode":false,"pivot":{"x":23.377704620361329,"y":-11.60786247253418,"z":74.22842407226563},"rotation":{"x":0.07500734180212021,"y":0.14604949951171876,"z":-0.011106150224804879,"w":0.9863671660423279},"size":49.3736572265625,"orthographic":false}